contig,3DL3,2DS2,2DL2,2DL3,2DL5B,2DS3,2DS5,2DP1,2DL1,3DP1,central region,2DL4,3DL1,3DS1,2DL5A,2DS3,2DS5,2DS1,2DS4,3DL2
chr19,KIR3DL3*01302$,,,KIR2DL3*00101$,,,,KIR2DP1*00201$,KIR2DL1*00302$,KIR3DP1*0030202,,KIR2DL4*0080101,KIR3DL1*0010102,,,,,,KIR2DS4*0030103,KIR3DL2*0010102
chr19_GL000209v2_alt,KIR3DL3*0030101,KIR2DS2*0010101,KIR2DL2*0030101,,,,,,,KIR3DP1*002,,KIR2DL4*0050101,,KIR3DS1*0130101,KIR2DL5A*0010101,,KIR2DS5*0020101,KIR2DS1*0020103,,
chr19_GL949746v1_alt,KIR3DL3*0010201,,,KIR2DL3*0020101,,,,KIR2DP1*0030101,KIR2DL1*0020101,KIR3DP1*005,,,,,,,,,,
chr19_GL949747v2_alt,,,,,,,,,,KIR3DP1*0060101,,KIR2DL4*00501$,,KIR3DS1*055,KIR2DL5A*0010101,,KIR2DS5*0020103,KIR2DS1*0020103,,KIR3DL2*0070102
chr19_GL949748v2_alt,,KIR2DS2*00101$,KIR2DL2*0030103,,,,,,,KIR3DP1*001$,,,,,,,,,KIR2DS4*0030101,
chr19_GL949749v2_alt,KIR3DL3*00602$,,,KIR2DL3*00101_e1245-2DP1*00201_e678,,,,,,,,,,,,,,KIR2DS1*00502+,,
chr19_GL949750v2_alt,,,,,,,,,,,,,,,,,,,,KIR3DL2*0010301
chr19_GL949751v2_alt,KIR3DL3*00602$,,,KIR2DL3*0010111,,,,KIR2DP1*0020101,,,,,,,,,,KIR2DS1*00502+,,KIR3DL2*034+
chr19_GL949752v1_alt,KIR3DL3*0090101,,,KIR2DL3*00101$,,,,KIR2DP1*00201$,KIR2DL1*00302$,KIR3DP1*00302$,,KIR2DL4*0010201,KIR3DL1*0020101,,,,,,KIR2DS4*00101$,KIR3DL2*0020101
chr19_GL949753v2_alt,KIR3DL3*0030112,KIR2DS2*00101$,KIR2DL2*0030102,,,,,,,KIR3DP1*0090102,,,,,,,,,,
chr19_KI270882v1_alt,KIR3DL3*0030101,KIR2DS2*0010102,KIR2DL2*0010103,,KIR2DL5B*0020107,KIR2DS3*0010301,,KIR2DP1*0010202,KIR2DL1*0040101,KIR3DP1*0030101,,KIR2DL4*00501+,,KIR3DS1*0130101,KIR2DL5A*0050101,KIR2DS3*0020103,,KIR2DS1*00201$,,KIR3DL2*0070103
chr19_KI270883v1_alt,KIR3DL3*0090101,,,KIR2DL3*0010107,,,,KIR2DP1*0020102,KIR2DL1*0030204,KIR3DP1*0030204,,KIR2DL4*0110101,KIR3DL1*0050101,,,,,,KIR2DS4*010,KIR3DL2*0010302
chr19_KI270884v1_alt,KIR3DL3*0140201,KIR2DS2*0010101,KIR2DL2*0010103,,,,,,,KIR3DP1*001,,KIR2DL4*0060201,KIR3DL1*0070101,,,,,,KIR2DS4*0040101,KIR3DL2*00801
chr19_KI270885v1_alt,KIR3DL3*04801,,,KIR2DL3*0010105,,,,KIR2DP1*0020107,KIR2DL1*0030205,KIR3DP1*00302$,,KIR2DL4*0010201,KIR3DL1*0290102,,,,,,KIR2DS4*0010102,KIR3DL2*0020104
chr19_KI270886v1_alt,KIR3DL3*0030101,KIR2DS2*0010105,KIR2DL2*0010103,,KIR2DL5B*0020107,KIR2DS3*0010301,,KIR2DP1*0010202,KIR2DL1*007,KIR3DP1*0030101,,KIR2DL4*0060201,KIR3DL1*0070102,,,,,,KIR2DS4*0040102,
chr19_KI270887v1_alt,KIR3DL3*01001,,,KIR2DL3*0010102,,,,KIR2DP1*0020107,KIR2DL1*0030204,KIR3DP1*0030204,,,,KIR3DS1*0130102,KIR2DL5A*0050103,KIR2DS3*0020101,,KIR2DS1*0020105,,KIR3DL2*0070102
chr19_KI270888v1_alt,KIR3DL3*0040201,KIR2DS2*0010101,KIR2DL2*0030101,,,,,,,KIR3DP1*007+,,KIR2DL4*0010201,KIR3DL1*0290101,,,,,,KIR2DS4*0010106,KIR3DL2*0020103
chr19_KI270889v1_alt,KIR3DL3*0020601,,,KIR2DL3*0010105,,,,KIR2DP1*008$,KIR2DL1*0030208,KIR3DP1*00303+,,KIR2DL4*0010201,KIR3DL1*0150201,,,,,,KIR2DS4*0010107,KIR3DL2*0020104
chr19_KI270890v1_alt,KIR3DL3*0140201,KIR2DS2*0010101,KIR2DL2*0030101,,,,,,,KIR3DP1*0090101,,KIR2DL4*00501$,,KIR3DS1*0130101,KIR2DL5A*0010101,,KIR2DS5*0020101,KIR2DS1*0020103,,KIR3DL2*018
chr19_KI270891v1_alt,KIR3DL3*0090101,,,KIR2DL3*0010106,,,,KIR2DP1*0020102,KIR2DL1*0030207,KIR3DP1*008+,,KIR2DL4*0010307,KIR3DL1*01701,,,,,,KIR2DS4*0010101,KIR3DL2*023
chr19_KI270914v1_alt,KIR3DL3*0040201,KIR2DS2*0010105,KIR2DL2*0010103,,KIR2DL5B*004,,KIR2DS5*0060101,KIR2DP1*009$,KIR2DL1*01201,KIR3DP1*0030401,,KIR2DL4*0110101,KIR3DL1*0050102,,,,,,KIR2DS4*010,
chr19_KI270915v1_alt,KIR3DL3*00802,,,KIR2DL3*0010104,,,,KIR2DP1*0020107,KIR2DL1*0030204,KIR3DP1*0030202,,KIR2DL4*0010201,KIR3DL1*0150201,,,,,,KIR2DS4*0010101,KIR3DL2*0020104
chr19_KI270916v1_alt,KIR3DL3*00801,KIR2DS2*0010102,KIR2DL2*0030101,,,,,,,KIR3DP1*0090101,,KIR2DL4*00501$,,KIR3DS1*0130101,KIR2DL5A*0050104,KIR2DS3*0020102,,KIR2DS1*0020103,,KIR3DL2*0070102
chr19_KI270917v1_alt,KIR3DL3*0090102,,,KIR2DL3*00101+,,,,KIR2DP1*0020102,KIR2DL1*00302$,KIR3DP1*0030202,,KIR2DL4*0010303,KIR3DL1*0250101,,,,,,KIR2DS4*0010104,KIR3DL2*00103$
chr19_KI270918v1_alt,KIR3DL3*0090101,,,KIR2DL3*0010102,,,,KIR2DP1*0020108,KIR2DL1*025,KIR3DP1*0030202,,KIR2DL4*0010307,,,,,,,,
chr19_KI270919v1_alt,KIR3DL3*01302$,,,KIR2DL3*0010102,,,,KIR2DP1*0020107,KIR2DL1*0030205,KIR3DP1*00302$,,KIR2DL4*0080101,KIR3DL1*0010102,,,,,,KIR2DS4*00301$,KIR3DL2*056
chr19_KI270920v1_alt,KIR3DL3*0010101,,,KIR2DL3*0020102,,,,KIR2DP1*004$,KIR2DL1*0020102,KIR3DP1*0060101,,KIR2DL4*0010304,KIR3DL1*062,,,,,,KIR2DS4*0010106,KIR3DL2*00903
chr19_KI270921v1_alt,KIR3DL3*0030101,KIR2DS2*0010105,KIR2DL2*0010102,,KIR2DL5B*0020101,KIR2DS3*0010301,,KIR2DP1*0010201,KIR2DL1*0040101,KIR3DP1*0030101,,KIR2DL4*0050101,,KIR3DS1*0130101,KIR2DL5A*0050101,KIR2DS3*0020101,,KIR2DS1*0020104,,KIR3DL2*0070103
chr19_KI270922v1_alt,KIR3DL3*0090102,,,KIR2DL3*00101$,,,,KIR2DP1*0020102,KIR2DL1*0030203,KIR3DP1*0030202,,KIR2DL4*0010303,KIR3DL1*0080101,,,,,,KIR2DS4*0030103,KIR3DL2*00901
chr19_KI270923v1_alt,KIR3DL3*036,KIR2DS2*00101$,KIR2DL2*0030104,,,,,,,KIR3DP1*0090102,,KIR2DL4*0080105,KIR3DL1*0010102,,,,,,KIR2DS4*0030103,KIR3DL2*0010102
chr19_KI270929v1_alt,,,,KIR2DL3*006,,,,KIR2DP1*007$,KIR2DL1*00303,KIR3DP1*0030203,,KIR2DL4*0010305,KIR3DL1*0150202,,,,,,KIR2DS4*00101$,KIR3DL2*0020102
chr19_KI270930v1_alt,KIR3DL3# (99.84% of 04101),,,KIR2DL3*010,KIR2DL5B*00601+,,KIR2DS5*010,KIR2DP1*006,KIR2DL1*010,KIR3DP1*00902+,,KIR2DL4*0080203,KIR3DL1*063,,,,,,KIR2DS4*0060101,KIR3DL2*00202
chr19_KI270931v1_alt,KIR3DL3*012,,,KIR2DL3*0010102,,,,KIR2DP1*00201$,KIR2DL1*0030207,KIR3DP1*0100101,,KIR2DL4*0010307,KIR3DL1*01501$,,,,,,KIR2DS4*0010101,KIR3DL2*01301+
chr19_KI270932v1_alt,KIR3DL3*0140201,KIR2DS2*0010101,KIR2DL2*0010103,,KIR2DL5B*0080101,,KIR2DS5*0070101,KIR2DP1*010,KIR2DL1*0040101,KIR3DP1*0030401,,KIR2DL4*0110101,KIR3DL1*0050102,,,,,,KIR2DS4*010,KIR3DL2*01001
chr19_KI270933v1_alt,KIR3DL3*019,,,KIR2DL3*0020103,,,,KIR2DP1*0030102,KIR2DL1*0020103,KIR3DP1*0060101,,KIR2DL4*0080204,KIR3DL1*0040101,,,,,,KIR2DS4*0060102,KIR3DL2*00501
chr19_KI270938v1_alt,KIR3DL3*0020101,,,KIR2DL3*0010111,,,,KIR2DP1*0020101,KIR2DL1*0030201,KIR3DP1*00302+,,KIR2DL4*0080101,KIR3DL1*0010101,,,,,,KIR2DS4*0030101,KIR3DL2*0010101
